FirstName,LastName,City,State,ZIP
Essie,Vaill,Anchorage,AK,99515
Cruz,Roudabush,Phoenix,AZ,85004
Billie,Tinnes,New York,NY,10001
Zackary,Mockus,Perth Amboy,NJ,8861
Rosemarie,Fifield,Honolulu,HI,96819
Bernard,Laboy,Channahon,IL,60410
Sue,Haakinson,Phoenix,AZ,85051
Valerie,Pou,Trexlertown,PA,18087
Lashawn,Hasty,West Covina,CA,91790
Marianne,Earman,Orlando,FL,32809
Justina,Dragaj,Memphis,TN,38112
Mandy,Mcdonnell,Salem,OR,97302
Conrad,Lanfear,Youngstown,OH,44512
Cyril,Behen,Anaheim,CA,92802
Shelley,Groden,San Antonio,TX,78205
Rosalind,Krenzke,Minneapolis,MN,55428
Davis,Brevard,Canfield,OH,44406
Winnie,Reich,El Paso,TX,79925
Trudy,Worlds,Valencia,CA,91355
Deshawn,Inafuku,Corpus Christi,TX,78408
Claudio,Loose,Perth Amboy,NJ,8861
Sal,Pindell,Evansville,IN,47713
Cristina,Sharper,New York,NY,10018
Cary,Mccamey,Columbus,OH,43215
Haley,Rocheford,Englewood,CO,80111
Dorothea,Sweem,Trenton,NJ,8648
Fannie,Steese,Tallahassee,FL,32301
Allyson,Gillispie,Trenton,NJ,8619
Roger,Seid,Tallahassee,FL,32303
Dollie,Daquino,Austin,TX,78701
Eva,Seahorn,Amherst,NH,3031
Mamie,Mcintee,Eureka,CA,95501
Lyndon,Bellerdine,San Francisco,CA,94111
Lashonda,Derouen,Alexandria,VA,22314
Jacklyn,Emayo,Fairfield,NJ,7004
Rubin,Crotts,Palm Springs,CA,92262
Boris,Catino,Norfolk,VA,23510
Jannie,Bowditch,Grandview,MO,64030
Colin,Altonen,Denver,CO,80202
Kerry,Evertt,Altamonte Springs,FL,32701
Kathie,Argenti,Brainerd,MN,56401
Henrietta,Cintora,Milton,WV,25541
Mariano,Maury,Rahway,NJ,7065
Lottie,Voll,Eugene,OR,97401
Ofelia,Sheffler,Oxnard,CA,93030
Gaston,Cieloszyk,Homer City,PA,15748
Karla,Ken,Rockford,IL,61104
Avery,Parbol,Gresham,OR,97030
John,Chipley,Fort Lee,NJ,7024
Luella,Pliner,Pensacola,FL,32503
Elvira,Blumenthal,Keokuk,IA,52632
Tyree,Courrege,Houston,TX,77040
Ramon,Amaral,Lander,WY,82520
Wilfredo,Gidley,Honolulu,HI,96815
Gracie,Ehn,Honolulu,HI,96816
Dorthy,Alexy,Aiea,HI,96701
Bertie,Luby,Kaneohe,HI,96744
Rudy,Kuhle,New York,NY,10028
Gale,Nolau,Ithaca,NY,14850
Kenya,Bruni,Saddle Brook,NJ,7663
Tricia,Kruss,Des Moines,IA,50313
Mack,Jurasin,Pulaski,VA,24301
Margarito,Kornbau,Austin,TX,78701
Lucien,Iurato,Brooklyn,NY,11218
Jarvis,Galas,Savannah,GA,31401
Billie,Cowley,Warrington,PA,18976
Jacinto,Gawron,Lumberville,PA,18933
Randall,Kluemper,North Conway,NH,3860
Enrique,Oroark,New York,NY,10011
Alva,Pennigton,Jacksonville,FL,32259
Socorro,Balandran,Greensburg,PA,15601
Nadia,Wilshire,La Crosse,WI,54601
Reginald,Humes,Wolfeboro,NH,3894
Lynda,Caraway,Philadelphia,PA,19130
Saundra,Mcaulay,Huron,OH,44839
Allan,Schwantd,McMinnville,OR,97128
Wilmer,Constantineau,Eugene,OR,97402
Savannah,Kesich,Park City,UT,84060
Dwain,Cuttitta,Washington,DC,20009
Krystle,Stika,Houston,TX,77068
Felipe,Gould,Ocean Springs,MS,39564
Steve,Schorr,Honolulu,HI,96819
Naomi,Caetano,Cresskill,NJ,7626
Melody,Saddat,Omaha,NE,68124
Mitchel,Harnar,Cheyenne,WY,82001
Sharlene,Circelli,Kennewick,WA,99336
Sean,Bonnet,Lansing,IL,60438
Travis,Brockert,Phoenix,AZ,85021
Candice,Bruckman,Humboldt,IA,50548
Mabel,Weeden,Richardson,TX,75081
Armando,Papik,Little Rock,AR,72201
Kevin,Edd,Johnston,RI,2919
Raphael,Bickel,Glendale,CA,91203
Darren,Merlin,Decatur,IL,62522
Francis,Soo,Sparta,WI,54656
Nelly,Jakuboski,Ridgefield,CT,6877
Mitzi,Ihenyen,New York,NY,10022
Kathleen,Beresnyak,San Mateo,CA,94403
Adela,Cervantsz,Clanton,AL,35045
Randal,Gansen,Rochester,NY,14614
Alyssa,Biasotti,Middletown,NY,10940
Janet,Schaffter,Hammond,IN,46320
Armando,Kolm,Anderson,SC,29621
Gil,Scarpa,Hazleton,PA,18201
Vanessa,Lewallen,Centerburg,OH,43011
Burton,Brining,Wooster,OH,44691
Rosalie,Krigger,Middletown,NY,10940
Tammie,Schwartzwalde,Ironton,OH,45638
Darrin,Neiss,Kewanee,IL,61443
Rosalia,Kennemur,Oakdale,LA,71463
Callie,Leboeuf,Alpena,MI,49707
Patty,Bernasconi,Honolulu,HI,96813
Elmo,Gabouer,New Hope,PA,18938
Logan,Muhl,Langhorne,PA,19047
Vivian,Brzostowski,Bristol,PA,19007
Efren,Baucher,Newtown,PA,18940
Kurtis,Mcbay,Levittown,PA,19055
Guillermo,Tsang,Levittown,PA,19056
Milton,Kuhlman,Camden,AR,71701
Naomi,Greenly,Fort Payne,AL,35967
Mary,Maurizio,Delta,OH,43515
Caitlin,Reiniger,Galion,OH,44833
Coleman,Cuneo,Waynesburg,PA,15370
Rachel,Larrison,Lorain,OH,44053
Dwayne,Maddalena,Pekin,IL,61554
Angelique,Schermerhorn,Palatka,FL,32177
Junior,Wadlinger,Warren,OH,44481
Darrel,Tork,Westchester,IL,60154
Lana,Garrigus,McMinnville,OR,97128
Jonathon,Waldall,Walterboro,SC,29488
Kristine,Paker,Creston,IA,50801
Dwain,Agricola,Leitchfield,KY,42754
Jewel,Agresta,Hillside,IL,60162
Georgette,Bandyk,Petersburg,VA,23805
Geri,Forness,Corydon,IN,47112
Modesto,Scroggie,Raritan,NJ,8869
Curt,Menedez,Tampa,FL,33604
Karen,Zombo,Tampa,FL,33609
Lora,Lendor,Kissimmee,FL,34741
Felipe,Mahone,Honolulu,HI,96813
Rosalyn,Daulton,Bloomfield,NJ,7003
Marquita,Bousman,Warwick,NY,10990
Carla,Sirbaugh,Inglewood,CA,90301
Wes,Fontanella,Gardena,CA,90247
Meredith,Ivrin,Danville,IL,61832
Laurie,Bigg,Sterling Heights,MI,48313
Barton,Friesner,Fishkill,NY,12524
Sophie,Langner,Honolulu,HI,96814
Garfield,Lijewski,Chicago,IL,60645
Warren,Speach,Scotch Plains,NJ,7076
Madonna,Cosby,San Francisco,CA,94105
Valeria,Lingbeek,Newtown,PA,18940
Heath,Vanalphen,Provincetown,MA,2657
Marisa,Woldridge,Cumberland,MD,21502
Rene,Dummermuth,Cedar Knolls,NJ,7927
Helga,Windle,Aiea,HI,96701
Margot,Arenburg,Orlando,FL,32803
Sheila,Holloran,Clyde,OH,43410
Melinda,Carleton,Shirley,NY,11967
Ike,Zeolla,Washington,DC,20036
Elmo,Dagenais,Chester,VA,23831
Valentine,Granberry,Orange City,FL,32763
Waldo,Sisk,Holiday,FL,34691
Robt,Braithwaite,Osceola,IA,50213
Corinne,Cowan,Laurel,MT,59044
Rebeca,Brumet,Chicago,IL,60622
Lynn,Saulsberry,Phoenix,AZ,85009
Hannah,Facio,Elberton,GA,30635
Benjamin,Schkade,Anchorage,AK,99501
Athena,Fontanilla,Philadelphia,PA,19144
Alene,Rabeck,South Holland,IL,60473
Yvette,Kokoska,Brisbane,CA,94005
Petra,Clemmens,Boca Raton,FL,33432
Carmel,Overfelt,Lake Worth,FL,33467
Danette,Fostervold,San Jose,CA,95119
Vince,Ettel,Springfield,NE,68059
Davis,Heideman,Fort Worth,TX,76102
Bradly,Hasselvander,Redondo Beach,CA,90278
Nathanial,Phoenix,Oklahoma City,OK,73114
Lamar,Mckibben,San Francisco,CA,94103
Shanna,Numkena,Rochester,MN,55901
Helena,Suermann,Mountain View,CA,94043
Delphine,Helmich,Watsonville,CA,95076
Barbara,Hindley,Burbank,CA,91502
Sheryl,Sisofo,Holland,OH,43528
Robyn,Christophel,Las Vegas,NV,89121
Gayla,Geimer,Pomona,CA,91767
Evan,Pyfrom,Dallas,TX,75240
Chad,Miklas,East Aurora,NY,14052
Trey,Tout,Shawano,WI,54166
Isabell,Armout,Gaithersburg,MD,20879
Alejandro,Mascall,Alexandria,VA,22314
Kennith,Kirklin,Nashville,TN,37212
Ike,Benthin,San Francisco,CA,94103
Donald,Sherretts,San Francisco,CA,94103
Lina,Hybarger,Washington,DC,20036
Rebekah,Padley,Chicago,IL,60611
Marion,Gaulden,Charlottesville,VA,22902
Maurine,Monroy,Fort Lee,NJ,7024
Rosanna,Sandrock,Atlanta,GA,30315
Marcelino,Maggs,Orlando,FL,32801
Florine,Willardson,Portland,OR,97220
Jude,Haza,Franklin,TN,37067
Eldon,Sutch,Philadelphia,PA,19134
Lashonda,Enote,Woodland Hills,CA,91367
Marla,Folz,Huntsville,AL,35824
Reginald,Lunan,Santa Clara,CA,95050
Kyle,Lindauer,Phoenix,AZ,85034
Son,Marschke,Scranton,PA,18510
Johnie,Minaai,Fort Lee,NJ,7024
Kelli,Varrato,San Diego,CA,92110
Neva,Marsell,Olivia,MN,56277
Brice,Hedglin,Nashville,TN,37204
Terrance,Nimmer,Bloomfield Hills,MI,48304
Carol,Krisman,New York,NY,10028
Dollie,Pillitteri,Fort Wayne,IN,46818
Mellissa,Sule,Aliso Viejo,CA,92656
Antony,Thierauf,Coeur d Alene,ID,83814
Reina,Reisenauer,Hutchins,TX,75141
Zane,Sulikowski,Riverside,CA,92507
Hilario,Cassa,Santa Monica,CA,90404
Veronica,Radman,Charlottesville,VA,22902
Teri,Erlewine,Saint Petersburg,FL,33711
Alissa,Mountjoy,Rohnert Park,CA,94928
Helene,Iberg,Bedford,OH,44146
Lona,Scronce,Matamoras,PA,18336
Jeremy,Lampi,Milford,PA,18337
Mitch,Schattner,San Francisco,CA,94118
Hans,Carlan,Anchorage,AK,99501
Concetta,Sarchett,Kansas City,MO,64108
Isaac,Zackery,Denville,NJ,7834
Doug,Matrisciano,Bellevue,WA,98005
Devon,Samrah,Orlando,FL,32824
Amos,Linnan,Chicago,IL,60623
Manuel,Dienhart,Cincinnati,OH,45210
Audra,Cantu,Plainfield,NJ,7063
Keisha,Ransonet,North Pole,AK,99705
Rolando,Baumann,Portland,OR,97205
Maryanne,Whyman,Los Angeles,CA,90015
Kurtis,Asberry,El Paso,TX,79937
Ed,Gompf,Catawissa,PA,17820
Norman,Betance,Scottsdale,AZ,85260
Berta,Karczewski,Gilbert,AZ,85233
Mac,Marksberry,Doniphan,NE,68832
Sandra,Graen,Hutchinson,MN,55350
Lee,Javens,Burlington,WI,53105
Fran,Zanders,Idaho Falls,ID,83402
Lane,Brantz,Hutchinson,MN,55350
Bess,Marso,Huntington Beach,CA,92649
Tamara,Declue,Houston,TX,77027
Denise,Speegle,Wheeling,IL,60090
Lynda,Youtsey,Eugene,OR,97402
Diann,Burigsay,Gardena,CA,90249
Mari,Hwang,Lake Forest,CA,92630
Shanna,Neundorfer,Philadelphia,PA,19134
Sherwood,Detillier,Woodland Hills,CA,91365
Walton,Schwallie,Upton,MA,1568
Judy,Gartenmayer,Melbourne,FL,32904
Antione,Mccleary,Fargo,ND,58102
Kay,Ganguli,Las Vegas,NV,89103
Oma,Duffy,Franklin,OH,45005
Devon,Teston,Houston,TX,77027
Jade,Erlebach,Camarillo,CA,93012
Roseann,Jerko,Moorestown,NJ,8057
Ruthie,Zortman,Fremont,CA,94538
Leif,Arguin,Fremont,CA,94538
Millicent,Ekstrom,Lawrenceburg,IN,47025
Val,Oborne,Sun Valley,CA,91352
Bridgett,Retort,Houston,TX,77041
Tia,Lino,Brownsville,OR,97327
Jarrett,Kenzie,Chesterfield,VA,23838
Mara,Vanderzwaag,Beaumont,TX,77703
Tiffany,Knust,San Jose,CA,95112
Fabian,Mcshaw,Los Angeles,CA,90040
Annabelle,Coger,Shreveport,LA,71105
Marisa,Smiler,Melville,NY,11747
Samantha,Bordwell,Homestead,FL,33032
Felecia,Riedl,Salt Lake City,UT,84115
Kris,Persson,Madras,OR,97741
Kylie,Bridgeman,Sewickley,PA,15143
Eduardo,Bellendir,Wilkes Barre,PA,18702
Waldo,Edberg,Tupelo,MS,38801
Brent,Vaidya,Stamford,CT,6906
Bette,Barcelona,Fairbanks,AK,99701
Rich,Gleave,Anchorage,AK,99501
Lyman,Whittley,Sausalito,CA,94965
Maryann,Garnette,Lancaster,PA,17601
Jimmie,Zarzycki,Colorado Springs,CO,80903
Gisela,Kosicki,Woodland Hills,CA,91364
Marlene,Hammeren,Huntsville,AL,35801
Kris,Stanzak,Dubuque,IA,52003
Roman,Simone,Batavia,OH,45103
Cathryn,Nicolaus,Chico,CA,95973
Lana,Keels,Freehold,NJ,7728
Malissa,Ziesemer,Palm Beach,FL,33480
Pamala,Brodtmann,Honolulu,HI,96815
Heriberto,Tivis,Cary,NC,27511
Edgardo,Prudente,Grand Prairie,TX,75050
Fred,Kunde,Westlake Village,CA,91361
Pilar,Suddeth,Newport Beach,CA,92660
Eliseo,Wice,Austin,TX,78705
Bridget,Knightly,Asheville,NC,28801
Tori,Villaescusa,Los Angeles,CA,90015
Claire,Moyerman,Aurora,CO,80014
Judi,Kivel,Wichita,KS,67202
Terrell,Rodda,Somerset,NJ,8873
Jasmin,Gum,Hudson,MA,1749
Bridget,Bottella,San Antonio,TX,78205
Tami,Trybus,Cincinnati,OH,45227
Maynard,Kaewprasert,Los Angeles,CA,90015
Viola,Mcsorley,Summit Argo,IL,60501
Reggie,Streu,Caldwell,NJ,7006
Rena,Griffeth,Northridge,CA,91324
Pierre,Salera,Monrovia,CA,91016
Carolina,Kinlaw,Belle Mead,NJ,8502
Alejandra,Prenatt,Summit Argo,IL,60501
Quintin,Isacson,Los Angeles,CA,90038
Robin,Grotz,Texarkana,TX,75503
Lacy,Woodfin,Scranton,PA,18503
Daniel,Zill,Glendale,CA,91203
Reina,Wolchesky,Brainerd,MN,56401
Marc,Wanger,Boston,MA,2111
Damion,Matkin,Denver,CO,80216
Lucius,Winchester,Streamwood,IL,60107
Petra,Mcnichol,Streamwood,IL,60107
Katina,Ramano,Brooklyn,NY,11208
Leslie,Cackowski,Farmington,NM,87401
Cristopher,Wiget,Kirtland,NM,87417
Garth,Skiffington,Paterson,NJ,7501
Brendan,Qin,Eastman,GA,31023
Chase,Furler,Topeka,KS,66607
Marietta,Bjornberg,Missoula,MT,59801
Carmella,Wishman,Missoula,MT,59801
Erica,Eyrich,Missoula,MT,59801
Lucius,Bagnoli,Evansville,IN,47711
Bart,Hachey,Canfield,OH,44406
Isiah,Phernetton,Riverhead,NY,11901
Morton,Crummell,Boulder,CO,80301
Prince,Kauk,Phoenix,AZ,85027
Marta,Horner,San Diego,CA,92120
Teodoro,Gaboury,Youngstown,OH,44512
Jess,Assad,Omaha,NE,68127
Freeman,Soula,Mena,AR,71953
Rita,Center,Lafayette,LA,70506
Kira,Papen,La Mesa,CA,91941
Miquel,Demicco,Littleton,CO,80123
William,Mahmud,Manhasset,NY,11030
Lacy,Belmont,Bedford Hills,NY,10507
Van,Leanen,Lake Ozark,MO,65049
Mayme,Staub,Bedminster,NJ,7921
Gregg,Guevarra,Wilmington,NC,28403
Minh,Leclare,Forest City,IA,50436
Joey,Sedore,Palmdale,CA,93550
Jeanie,Dalen,Bristol,PA,19007
Eddie,Gauer,Ames,IA,50010
Jessie,Barkle,Abilene,TX,79602
Deandre,Resendiz,Twin Falls,ID,83301
Janet,Rathrock,Loves Park,IL,61111
Denice,Nordlinger,El Paso,TX,79915
Danny,Dales,Phoenix,AZ,85034
Robbie,Deshay,West Sacramento,CA,95691
Carla,Humble,Sun Valley,CA,91352
Ashley,Leonesio,New York,NY,10038
Josephine,Sotlar,Washington,DC,20001
Derek,Kreutzbender,Milwaukee,WI,53202
Kira,Staffon,Honolulu,HI,96826
Isaac,Davensizer,Honolulu,HI,96815
Reva,Bayer,Seattle,WA,98103
Melvin,Auteri,Boston,MA,2115
Stephen,Seiters,Fort Worth,TX,76131
Lucas,Santellana,Phoenix,AZ,85008
Traci,Toomey,Jackson,WY,83001
Vernice,Resendes,Sun Valley,CA,91352
Hillary,Holmes,Placerville,CA,95667
Robin,Schartz,Grass Valley,CA,95945
Sabrina,Deppert,Phoenix,AZ,85016
Luciano,Truiolo,Pasadena,CA,91105
Ezekiel,Mildon,Cambridge,MA,2142
Hanna,Cinkan,Miami,FL,33126
Kory,Wooldridge,Chicago,IL,60615
Darrel,Ruffins,Saint Petersburg,FL,33704
Miranda,Hammitt,Brownsville,TX,78520
Sadie,Rowlett,Bronx,NY,10458
Deanna,Gerbi,Jersey City,NJ,7306
Alfonso,Griglen,Ada,OH,45810
Vernon,Engelman,Ripon,WI,54971
Johnnie,Rheaves,Anaheim,CA,92806
Ella,Pahnke,Kerrville,TX,78028
Veronica,Achorn,El Paso,TX,79903
Kasey,Nguyen,Boulder,CO,80303
Frankie,Morein,Stamford,CT,6902
Elaine,Renzi,New York,NY,10022
Timothy,Janski,Anchorage,AK,99515
Warren,Hacher,Abilene,TX,79605
Brant,Darnel,Mentor,OH,44060
Mara,Rineheart,Northampton,PA,18067
Karen,Flierl,Austin,TX,78702
Virgil,Chinni,Honolulu,HI,96819
Jimmie,Kertzman,Honolulu,HI,96819
Leif,Bachta,Kapolei,HI,96707
Ione,Kucera,Waipahu,HI,96797
Doreen,Sakurai,New York,NY,10022
Joel,Nardo,Boca Raton,FL,33486
Neil,Backus,New York,NY,10175
Fausto,Marks,Boston,MA,2116
Christa,Bodenschatz,Danville,IL,61832
Chi,Greenlaw,Scottsdale,AZ,85251
Kyle,Ferri,Anchorage,AK,99501
Freida,Michelfelder,Atlanta,GA,30303
Bryant,Bouliouris,Jackson,WY,83001
Emilia,Oxley,Dallas,TX,75240
Naomi,Mcraven,Bellevue,WA,98005
Dionne,Borycz,Rockville,MD,20850
Jimmy,Hrobsky,San Diego,CA,92111
Peggy,Hohlstein,Westfield,MA,1085
Genevieve,Kekiwi,Newburgh,IN,47630
Terra,Plagge,Evansville,IN,47715
Allie,Pumphrey,Evansville,IN,47711
Katina,Survant,Mountain Home,ID,83647
Marta,Warran,Kennewick,WA,99336
Rebekah,Lindboe,Irving,TX,75039
Roxie,Varenhorst,Columbus,OH,43215
Kennith,Peto,Atlanta,GA,30341
Darrell,Amrich,Apex,NC,27502
Savannah,Loffier,Bartlesville,OK,74003
Martin,Carley,Sylva,NC,28779
Lacy,Hyten,Princeton,NJ,8542
Forest,Orea,Chicago,IL,60636
Courtney,Shishido,Anchorage,AK,99501
Annette,Frietas,New York,NY,10036
Karyn,Jinks,Mesquite,TX,75150
Edwin,Lavelli,East Liverpool,OH,43920
Jimmie,Barninger,Modesto,CA,95352
Merle,Wyrosdick,Neptune,NJ,7753
Amelia,Caputo,Fairbanks,AK,99701
Germaine,Bruski,Fairbanks,AK,99701
Willa,Dutt,Fairbanks,AK,99709
Cherie,Fuhri,Fairbanks,AK,99709
Tyron,Quillman,Alexandria,VA,22312
Charity,Dyckman,Anchorage,AK,99518
Nanette,Turansky,Easton,PA,18042
Cherie,Schronce,Chatsworth,CA,91311
Theron,Hambright,Holland,MI,49423
Laurie,Bibbs,Albuquerque,NM,87107
Angelo,Ferentz,Los Angeles,CA,90023
Denver,Topete,San Diego,CA,92121
Tommie,Reuland,San Fernando,CA,91340
Delmer,Delucas,Buffalo,NY,14225
Latisha,Bahls,Cincinnati,OH,45202
Simone,Lundie,Philadelphia,PA,19146
Ross,Spurger,Carbondale,IL,62901
Abel,Tuter,Reading,PA,19606
Beverley,Bunche,Miami,FL,33126
Lizzie,Torregrossa,North Dartmouth,MA,2747
Tia,Neumaier,Maitland,FL,32751
Lesa,Chantry,Philadelphia,PA,19123
Marcelo,Arostegui,Branson,MO,65616
Jimmie,Hardgrove,New York,NY,10017
Renae,Eldrige,Attica,NY,14011
Tisha,Gorder,Chicago,IL,60610
Clarice,Knower,Chicago,IL,60620
Sybil,Marmerchant,York,PA,17404
Floyd,Veazey,Huntington Park,CA,90255
Reyna,Bangle,New Hyde Park,NY,11040
Owen,Sparacino,Memphis,TN,38111
Eli,Bettner,Brewster,WA,98812
Taylor,Fogerty,Denver,CO,80234
Reva,Lecates,Fernandina Beach,FL,32034
Rodrigo,Wildrick,Saint Petersburg,FL,33713
George,Tukis,Americus,GA,31709
Titus,Rodreguez,San Diego,CA,92111
Emilio,Lampkin,Williamstown,NJ,8094
Maryjane,Arata,Sparks,NV,89431
Marcie,Shulz,San Antonio,TX,78216
Celia,Slavin,Chicago,IL,60631
Suzette,Devaughan,Hackensack,NJ,7601
Christian,Marnell,Dayton,OH,45439
Misty,Ericksen,Cheney,WA,99004
Bert,Schadle,Fort Worth,TX,76115
Bertram,Quertermous,Wilmington,DE,19801
Buster,Wubbel,Fairless Hills,PA,19030
Mildred,Gallegas,Claymont,DE,19703
Pat,Hoshaw,Malvern,PA,19355
Marshall,Hutch,Eighty Four,PA,15330
Don,Mestler,Pennington,NJ,8534
Emery,Reek,Jekyll Island,GA,31527
Ray,Srock,Scottsdale,AZ,85255
Nickolas,Khosravi,Newport Beach,CA,92663
Aileen,Mottern,Fort Lee,NJ,7024
Chad,Araiza,Schofield,WI,54476
Beverly,Cambel,Anchorage,AK,99501
Janice,Twiet,Rialto,CA,92376
Byron,Fortuna,Missoula,MT,59803
Lynette,Setlock,Cleveland,OH,44113
Willard,Roughen,Arlington,TX,76012
Elisa,Gracely,Brooklyn,NY,11229
Jeri,Farstvedt,Encino,CA,91436
Stacey,Blow,Rialto,CA,92376
Bryan,Rovell,East Rutherford,NJ,7073
Joey,Bolick,Oklahoma City,OK,73132
